[
{
    "model": "admin.logentry",
    "pk": 1,
    "fields": {
        "action_time": "2024-06-12T16:16:10.295Z",
        "user": 4,
        "content_type": 3,
        "object_id": "2",
        "object_repr": "duenyo_recinto",
        "action_flag": 1,
        "change_message": "[{\"added\": {}}]"
    }
},
{
    "model": "admin.logentry",
    "pk": 2,
    "fields": {
        "action_time": "2024-06-12T16:16:12.892Z",
        "user": 4,
        "content_type": 3,
        "object_id": "1",
        "object_repr": "cliente",
        "action_flag": 2,
        "change_message": "[]"
    }
},
{
    "model": "admin.logentry",
    "pk": 3,
    "fields": {
        "action_time": "2024-06-18T13:36:12.093Z",
        "user": 4,
        "content_type": 12,
        "object_id": "1",
        "object_repr": "Reserva object (1)",
        "action_flag": 1,
        "change_message": "[{\"added\": {}}]"
    }
},
{
    "model": "admin.logentry",
    "pk": 4,
    "fields": {
        "action_time": "2024-06-18T13:36:27.617Z",
        "user": 4,
        "content_type": 12,
        "object_id": "1",
        "object_repr": "Reserva object (1)",
        "action_flag": 2,
        "change_message": "[{\"changed\": {\"fields\": [\"Hora inicio\", \"Hora fin\"]}}]"
    }
},
{
    "model": "admin.logentry",
    "pk": 5,
    "fields": {
        "action_time": "2024-06-18T13:45:05.658Z",
        "user": 4,
        "content_type": 12,
        "object_id": "2",
        "object_repr": "Reserva del día: 2024-06-18 a las: 12.0",
        "action_flag": 1,
        "change_message": "[{\"added\": {}}]"
    }
},
{
    "model": "admin.logentry",
    "pk": 6,
    "fields": {
        "action_time": "2024-06-18T14:47:12.396Z",
        "user": 4,
        "content_type": 12,
        "object_id": "3",
        "object_repr": "Reserva del día: 2024-06-18 a las: 11.0",
        "action_flag": 1,
        "change_message": "[{\"added\": {}}]"
    }
},
{
    "model": "admin.logentry",
    "pk": 7,
    "fields": {
        "action_time": "2024-06-18T15:57:06.170Z",
        "user": 4,
        "content_type": 12,
        "object_id": "4",
        "object_repr": "Reserva del día: 2024-06-18 a las: 14.0",
        "action_flag": 1,
        "change_message": "[{\"added\": {}}]"
    }
},
{
    "model": "auth.permission",
    "pk": 1,
    "fields": {
        "name": "Can add log entry",
        "content_type": 1,
        "codename": "add_logentry"
    }
},
{
    "model": "auth.permission",
    "pk": 2,
    "fields": {
        "name": "Can change log entry",
        "content_type": 1,
        "codename": "change_logentry"
    }
},
{
    "model": "auth.permission",
    "pk": 3,
    "fields": {
        "name": "Can delete log entry",
        "content_type": 1,
        "codename": "delete_logentry"
    }
},
{
    "model": "auth.permission",
    "pk": 4,
    "fields": {
        "name": "Can view log entry",
        "content_type": 1,
        "codename": "view_logentry"
    }
},
{
    "model": "auth.permission",
    "pk": 5,
    "fields": {
        "name": "Can add permission",
        "content_type": 2,
        "codename": "add_permission"
    }
},
{
    "model": "auth.permission",
    "pk": 6,
    "fields": {
        "name": "Can change permission",
        "content_type": 2,
        "codename": "change_permission"
    }
},
{
    "model": "auth.permission",
    "pk": 7,
    "fields": {
        "name": "Can delete permission",
        "content_type": 2,
        "codename": "delete_permission"
    }
},
{
    "model": "auth.permission",
    "pk": 8,
    "fields": {
        "name": "Can view permission",
        "content_type": 2,
        "codename": "view_permission"
    }
},
{
    "model": "auth.permission",
    "pk": 9,
    "fields": {
        "name": "Can add group",
        "content_type": 3,
        "codename": "add_group"
    }
},
{
    "model": "auth.permission",
    "pk": 10,
    "fields": {
        "name": "Can change group",
        "content_type": 3,
        "codename": "change_group"
    }
},
{
    "model": "auth.permission",
    "pk": 11,
    "fields": {
        "name": "Can delete group",
        "content_type": 3,
        "codename": "delete_group"
    }
},
{
    "model": "auth.permission",
    "pk": 12,
    "fields": {
        "name": "Can view group",
        "content_type": 3,
        "codename": "view_group"
    }
},
{
    "model": "auth.permission",
    "pk": 13,
    "fields": {
        "name": "Can add content type",
        "content_type": 4,
        "codename": "add_contenttype"
    }
},
{
    "model": "auth.permission",
    "pk": 14,
    "fields": {
        "name": "Can change content type",
        "content_type": 4,
        "codename": "change_contenttype"
    }
},
{
    "model": "auth.permission",
    "pk": 15,
    "fields": {
        "name": "Can delete content type",
        "content_type": 4,
        "codename": "delete_contenttype"
    }
},
{
    "model": "auth.permission",
    "pk": 16,
    "fields": {
        "name": "Can view content type",
        "content_type": 4,
        "codename": "view_contenttype"
    }
},
{
    "model": "auth.permission",
    "pk": 17,
    "fields": {
        "name": "Can add session",
        "content_type": 5,
        "codename": "add_session"
    }
},
{
    "model": "auth.permission",
    "pk": 18,
    "fields": {
        "name": "Can change session",
        "content_type": 5,
        "codename": "change_session"
    }
},
{
    "model": "auth.permission",
    "pk": 19,
    "fields": {
        "name": "Can delete session",
        "content_type": 5,
        "codename": "delete_session"
    }
},
{
    "model": "auth.permission",
    "pk": 20,
    "fields": {
        "name": "Can view session",
        "content_type": 5,
        "codename": "view_session"
    }
},
{
    "model": "auth.permission",
    "pk": 21,
    "fields": {
        "name": "Can add cliente",
        "content_type": 6,
        "codename": "add_cliente"
    }
},
{
    "model": "auth.permission",
    "pk": 22,
    "fields": {
        "name": "Can change cliente",
        "content_type": 6,
        "codename": "change_cliente"
    }
},
{
    "model": "auth.permission",
    "pk": 23,
    "fields": {
        "name": "Can delete cliente",
        "content_type": 6,
        "codename": "delete_cliente"
    }
},
{
    "model": "auth.permission",
    "pk": 24,
    "fields": {
        "name": "Can view cliente",
        "content_type": 6,
        "codename": "view_cliente"
    }
},
{
    "model": "auth.permission",
    "pk": 25,
    "fields": {
        "name": "Can add duenyo_recinto",
        "content_type": 7,
        "codename": "add_duenyo_recinto"
    }
},
{
    "model": "auth.permission",
    "pk": 26,
    "fields": {
        "name": "Can change duenyo_recinto",
        "content_type": 7,
        "codename": "change_duenyo_recinto"
    }
},
{
    "model": "auth.permission",
    "pk": 27,
    "fields": {
        "name": "Can delete duenyo_recinto",
        "content_type": 7,
        "codename": "delete_duenyo_recinto"
    }
},
{
    "model": "auth.permission",
    "pk": 28,
    "fields": {
        "name": "Can view duenyo_recinto",
        "content_type": 7,
        "codename": "view_duenyo_recinto"
    }
},
{
    "model": "auth.permission",
    "pk": 29,
    "fields": {
        "name": "Can add pista",
        "content_type": 8,
        "codename": "add_pista"
    }
},
{
    "model": "auth.permission",
    "pk": 30,
    "fields": {
        "name": "Can change pista",
        "content_type": 8,
        "codename": "change_pista"
    }
},
{
    "model": "auth.permission",
    "pk": 31,
    "fields": {
        "name": "Can delete pista",
        "content_type": 8,
        "codename": "delete_pista"
    }
},
{
    "model": "auth.permission",
    "pk": 32,
    "fields": {
        "name": "Can view pista",
        "content_type": 8,
        "codename": "view_pista"
    }
},
{
    "model": "auth.permission",
    "pk": 33,
    "fields": {
        "name": "Can add recinto",
        "content_type": 9,
        "codename": "add_recinto"
    }
},
{
    "model": "auth.permission",
    "pk": 34,
    "fields": {
        "name": "Can change recinto",
        "content_type": 9,
        "codename": "change_recinto"
    }
},
{
    "model": "auth.permission",
    "pk": 35,
    "fields": {
        "name": "Can delete recinto",
        "content_type": 9,
        "codename": "delete_recinto"
    }
},
{
    "model": "auth.permission",
    "pk": 36,
    "fields": {
        "name": "Can view recinto",
        "content_type": 9,
        "codename": "view_recinto"
    }
},
{
    "model": "auth.permission",
    "pk": 37,
    "fields": {
        "name": "Can add user",
        "content_type": 10,
        "codename": "add_usuario"
    }
},
{
    "model": "auth.permission",
    "pk": 38,
    "fields": {
        "name": "Can change user",
        "content_type": 10,
        "codename": "change_usuario"
    }
},
{
    "model": "auth.permission",
    "pk": 39,
    "fields": {
        "name": "Can delete user",
        "content_type": 10,
        "codename": "delete_usuario"
    }
},
{
    "model": "auth.permission",
    "pk": 40,
    "fields": {
        "name": "Can view user",
        "content_type": 10,
        "codename": "view_usuario"
    }
},
{
    "model": "auth.permission",
    "pk": 41,
    "fields": {
        "name": "Can add servicio",
        "content_type": 11,
        "codename": "add_servicio"
    }
},
{
    "model": "auth.permission",
    "pk": 42,
    "fields": {
        "name": "Can change servicio",
        "content_type": 11,
        "codename": "change_servicio"
    }
},
{
    "model": "auth.permission",
    "pk": 43,
    "fields": {
        "name": "Can delete servicio",
        "content_type": 11,
        "codename": "delete_servicio"
    }
},
{
    "model": "auth.permission",
    "pk": 44,
    "fields": {
        "name": "Can view servicio",
        "content_type": 11,
        "codename": "view_servicio"
    }
},
{
    "model": "auth.permission",
    "pk": 45,
    "fields": {
        "name": "Can add reserva",
        "content_type": 12,
        "codename": "add_reserva"
    }
},
{
    "model": "auth.permission",
    "pk": 46,
    "fields": {
        "name": "Can change reserva",
        "content_type": 12,
        "codename": "change_reserva"
    }
},
{
    "model": "auth.permission",
    "pk": 47,
    "fields": {
        "name": "Can delete reserva",
        "content_type": 12,
        "codename": "delete_reserva"
    }
},
{
    "model": "auth.permission",
    "pk": 48,
    "fields": {
        "name": "Can view reserva",
        "content_type": 12,
        "codename": "view_reserva"
    }
},
{
    "model": "auth.permission",
    "pk": 49,
    "fields": {
        "name": "Can add application",
        "content_type": 13,
        "codename": "add_application"
    }
},
{
    "model": "auth.permission",
    "pk": 50,
    "fields": {
        "name": "Can change application",
        "content_type": 13,
        "codename": "change_application"
    }
},
{
    "model": "auth.permission",
    "pk": 51,
    "fields": {
        "name": "Can delete application",
        "content_type": 13,
        "codename": "delete_application"
    }
},
{
    "model": "auth.permission",
    "pk": 52,
    "fields": {
        "name": "Can view application",
        "content_type": 13,
        "codename": "view_application"
    }
},
{
    "model": "auth.permission",
    "pk": 53,
    "fields": {
        "name": "Can add access token",
        "content_type": 14,
        "codename": "add_accesstoken"
    }
},
{
    "model": "auth.permission",
    "pk": 54,
    "fields": {
        "name": "Can change access token",
        "content_type": 14,
        "codename": "change_accesstoken"
    }
},
{
    "model": "auth.permission",
    "pk": 55,
    "fields": {
        "name": "Can delete access token",
        "content_type": 14,
        "codename": "delete_accesstoken"
    }
},
{
    "model": "auth.permission",
    "pk": 56,
    "fields": {
        "name": "Can view access token",
        "content_type": 14,
        "codename": "view_accesstoken"
    }
},
{
    "model": "auth.permission",
    "pk": 57,
    "fields": {
        "name": "Can add grant",
        "content_type": 15,
        "codename": "add_grant"
    }
},
{
    "model": "auth.permission",
    "pk": 58,
    "fields": {
        "name": "Can change grant",
        "content_type": 15,
        "codename": "change_grant"
    }
},
{
    "model": "auth.permission",
    "pk": 59,
    "fields": {
        "name": "Can delete grant",
        "content_type": 15,
        "codename": "delete_grant"
    }
},
{
    "model": "auth.permission",
    "pk": 60,
    "fields": {
        "name": "Can view grant",
        "content_type": 15,
        "codename": "view_grant"
    }
},
{
    "model": "auth.permission",
    "pk": 61,
    "fields": {
        "name": "Can add refresh token",
        "content_type": 16,
        "codename": "add_refreshtoken"
    }
},
{
    "model": "auth.permission",
    "pk": 62,
    "fields": {
        "name": "Can change refresh token",
        "content_type": 16,
        "codename": "change_refreshtoken"
    }
},
{
    "model": "auth.permission",
    "pk": 63,
    "fields": {
        "name": "Can delete refresh token",
        "content_type": 16,
        "codename": "delete_refreshtoken"
    }
},
{
    "model": "auth.permission",
    "pk": 64,
    "fields": {
        "name": "Can view refresh token",
        "content_type": 16,
        "codename": "view_refreshtoken"
    }
},
{
    "model": "auth.permission",
    "pk": 65,
    "fields": {
        "name": "Can add id token",
        "content_type": 17,
        "codename": "add_idtoken"
    }
},
{
    "model": "auth.permission",
    "pk": 66,
    "fields": {
        "name": "Can change id token",
        "content_type": 17,
        "codename": "change_idtoken"
    }
},
{
    "model": "auth.permission",
    "pk": 67,
    "fields": {
        "name": "Can delete id token",
        "content_type": 17,
        "codename": "delete_idtoken"
    }
},
{
    "model": "auth.permission",
    "pk": 68,
    "fields": {
        "name": "Can view id token",
        "content_type": 17,
        "codename": "view_idtoken"
    }
},
{
    "model": "auth.group",
    "pk": 1,
    "fields": {
        "name": "cliente",
        "permissions": []
    }
},
{
    "model": "auth.group",
    "pk": 2,
    "fields": {
        "name": "duenyo_recinto",
        "permissions": []
    }
},
{
    "model": "contenttypes.contenttype",
    "pk": 1,
    "fields": {
        "app_label": "admin",
        "model": "logentry"
    }
},
{
    "model": "contenttypes.contenttype",
    "pk": 2,
    "fields": {
        "app_label": "auth",
        "model": "permission"
    }
},
{
    "model": "contenttypes.contenttype",
    "pk": 3,
    "fields": {
        "app_label": "auth",
        "model": "group"
    }
},
{
    "model": "contenttypes.contenttype",
    "pk": 4,
    "fields": {
        "app_label": "contenttypes",
        "model": "contenttype"
    }
},
{
    "model": "contenttypes.contenttype",
    "pk": 5,
    "fields": {
        "app_label": "sessions",
        "model": "session"
    }
},
{
    "model": "contenttypes.contenttype",
    "pk": 6,
    "fields": {
        "app_label": "APIcampoprime",
        "model": "cliente"
    }
},
{
    "model": "contenttypes.contenttype",
    "pk": 7,
    "fields": {
        "app_label": "APIcampoprime",
        "model": "duenyo_recinto"
    }
},
{
    "model": "contenttypes.contenttype",
    "pk": 8,
    "fields": {
        "app_label": "APIcampoprime",
        "model": "pista"
    }
},
{
    "model": "contenttypes.contenttype",
    "pk": 9,
    "fields": {
        "app_label": "APIcampoprime",
        "model": "recinto"
    }
},
{
    "model": "contenttypes.contenttype",
    "pk": 10,
    "fields": {
        "app_label": "APIcampoprime",
        "model": "usuario"
    }
},
{
    "model": "contenttypes.contenttype",
    "pk": 11,
    "fields": {
        "app_label": "APIcampoprime",
        "model": "servicio"
    }
},
{
    "model": "contenttypes.contenttype",
    "pk": 12,
    "fields": {
        "app_label": "APIcampoprime",
        "model": "reserva"
    }
},
{
    "model": "contenttypes.contenttype",
    "pk": 13,
    "fields": {
        "app_label": "oauth2_provider",
        "model": "application"
    }
},
{
    "model": "contenttypes.contenttype",
    "pk": 14,
    "fields": {
        "app_label": "oauth2_provider",
        "model": "accesstoken"
    }
},
{
    "model": "contenttypes.contenttype",
    "pk": 15,
    "fields": {
        "app_label": "oauth2_provider",
        "model": "grant"
    }
},
{
    "model": "contenttypes.contenttype",
    "pk": 16,
    "fields": {
        "app_label": "oauth2_provider",
        "model": "refreshtoken"
    }
},
{
    "model": "contenttypes.contenttype",
    "pk": 17,
    "fields": {
        "app_label": "oauth2_provider",
        "model": "idtoken"
    }
},
{
    "model": "sessions.session",
    "pk": "dbqh6d72ei7rlsxqi4he2n4orlq7emff",
    "fields": {
        "session_data": ".eJxVjEEOwiAQRe_C2pCBIliX7j0DGWYGqRpISrsy3l2bdKHb_977LxVxXUpcu8xxYnVWTh1-t4T0kLoBvmO9NU2tLvOU9KbonXZ9bSzPy-7-HRTs5Vt7QMMhn4KxSWxywoEyCJgRCIxIJgmMEuBoxgyDTQTsKaEdMgfPTr0_ALo42Q:1sJYzk:_nqOvJmQ-XDot4InZSgUH_Uyj6sjb_0as-r8eePZSLQ",
        "expire_date": "2024-07-02T13:35:32.862Z"
    }
},
{
    "model": "sessions.session",
    "pk": "o518gojb1ziwg6t7v9b71689bbiglkdl",
    "fields": {
        "session_data": ".eJxVjEEOwiAQRe_C2pCBIliX7j0DGWYGqRpISrsy3l2bdKHb_977LxVxXUpcu8xxYnVWTh1-t4T0kLoBvmO9NU2tLvOU9KbonXZ9bSzPy-7-HRTs5Vt7QMMhn4KxSWxywoEyCJgRCIxIJgmMEuBoxgyDTQTsKaEdMgfPTr0_ALo42Q:1sHQde:TX4PlJZVWFrdebAiWDwkCtHXyB0hvHijryttzoXhDKw",
        "expire_date": "2024-06-26T16:15:54.232Z"
    }
},
{
    "model": "APIcampoprime.usuario",
    "pk": 1,
    "fields": {
        "password": "pbkdf2_sha256$600000$m9n0bopQMNKCr3NVprM02p$AbYSql1DYfL/zJSb6Qmq5ArMioH6Mfg+4tKrOiiQMCQ=",
        "last_login": null,
        "is_superuser": false,
        "username": "usu",
        "first_name": "nombre",
        "last_name": "apellidos",
        "email": "usu@gmail.com",
        "is_staff": false,
        "is_active": true,
        "date_joined": "2024-06-12T16:08:48.132Z",
        "rol": 2,
        "groups": [
            1
        ],
        "user_permissions": []
    }
},
{
    "model": "APIcampoprime.usuario",
    "pk": 2,
    "fields": {
        "password": "pbkdf2_sha256$600000$GsIYYBvGQJy5ah1ZjsMyzc$KNkbmAtVpEkzro6/yBoP6NGTkYQSEv6//mN4o11ddYY=",
        "last_login": null,
        "is_superuser": false,
        "username": "usu1",
        "first_name": "nombre",
        "last_name": "apellidos",
        "email": "usu1@gmail.com",
        "is_staff": false,
        "is_active": true,
        "date_joined": "2024-06-12T16:11:44.271Z",
        "rol": 2,
        "groups": [
            1
        ],
        "user_permissions": []
    }
},
{
    "model": "APIcampoprime.usuario",
    "pk": 3,
    "fields": {
        "password": "pbkdf2_sha256$600000$VjeYZK5emYJhdLJrUTTFC7$hQZrU+AKZz7Chty34bYvGc/Q9+MmeX4gexsVZ5kd50Y=",
        "last_login": null,
        "is_superuser": false,
        "username": "usu2",
        "first_name": "nombre",
        "last_name": "apellidos",
        "email": "usu1@gmail.com",
        "is_staff": false,
        "is_active": true,
        "date_joined": "2024-06-12T16:12:27.984Z",
        "rol": 2,
        "groups": [
            1
        ],
        "user_permissions": []
    }
},
{
    "model": "APIcampoprime.usuario",
    "pk": 4,
    "fields": {
        "password": "pbkdf2_sha256$600000$PoZVuTG98SYhAbElQJ4rAZ$4wVP9CQt4QNkYCPdlJH+EjbU2J/nAeD8RjtuxSNvHiE=",
        "last_login": "2024-06-18T13:35:32.782Z",
        "is_superuser": true,
        "username": "admin",
        "first_name": "",
        "last_name": "",
        "email": "",
        "is_staff": true,
        "is_active": true,
        "date_joined": "2024-06-12T16:15:42.128Z",
        "rol": 1,
        "groups": [],
        "user_permissions": []
    }
},
{
    "model": "APIcampoprime.usuario",
    "pk": 5,
    "fields": {
        "password": "pbkdf2_sha256$600000$3QYCCRp1eZFk6y91xktQXM$Njxmg6qz8MdHqNw0DVVLWMRgYrDYAsEggNCkj1Cnh+A=",
        "last_login": null,
        "is_superuser": false,
        "username": "usu3",
        "first_name": "nombre",
        "last_name": "apellidos",
        "email": "usu2@gmail.com",
        "is_staff": false,
        "is_active": true,
        "date_joined": "2024-06-12T16:16:43.694Z",
        "rol": 2,
        "groups": [
            1
        ],
        "user_permissions": []
    }
},
{
    "model": "APIcampoprime.usuario",
    "pk": 6,
    "fields": {
        "password": "pbkdf2_sha256$600000$P8KJatB9kqMXmz9g6hXKR7$6fLDuYOHJMXjRfk1TFSFGbYGofiYvreUSxjJIU8vWaQ=",
        "last_login": null,
        "is_superuser": false,
        "username": "usu4",
        "first_name": "nombre",
        "last_name": "apellidos",
        "email": "usu4@gmail.com",
        "is_staff": false,
        "is_active": true,
        "date_joined": "2024-06-12T16:19:30.292Z",
        "rol": 2,
        "groups": [
            1
        ],
        "user_permissions": []
    }
},
{
    "model": "APIcampoprime.usuario",
    "pk": 7,
    "fields": {
        "password": "pbkdf2_sha256$600000$i9v4lA4NLNoxMpR3KN0xct$2DvogyouVKmV4QjIRrbcDus6Y51swjQaPBDkrRH06wg=",
        "last_login": null,
        "is_superuser": false,
        "username": "usu5",
        "first_name": "nombre",
        "last_name": "apellidos",
        "email": "usu5@gmail.com",
        "is_staff": false,
        "is_active": true,
        "date_joined": "2024-06-12T16:21:08.544Z",
        "rol": 2,
        "groups": [
            1
        ],
        "user_permissions": []
    }
},
{
    "model": "APIcampoprime.usuario",
    "pk": 8,
    "fields": {
        "password": "pbkdf2_sha256$600000$hWHCuigkJjgLQZik5aINcV$dBbzT1P2vHnNZlElJNc3a6qnnVg1cKWrPDq55TkErBo=",
        "last_login": null,
        "is_superuser": false,
        "username": "club1",
        "first_name": "clubnombre",
        "last_name": "clubape",
        "email": "club1@gmail.com",
        "is_staff": false,
        "is_active": true,
        "date_joined": "2024-06-17T15:31:06.866Z",
        "rol": 3,
        "groups": [
            2
        ],
        "user_permissions": []
    }
},
{
    "model": "APIcampoprime.usuario",
    "pk": 9,
    "fields": {
        "password": "pbkdf2_sha256$600000$nusYigSZOB7nOz5Yam3I3h$wbxPTRcTpOTCGe5xvVvH60PJ40NpuqUf49vz1q43Qsw=",
        "last_login": null,
        "is_superuser": false,
        "username": "club2",
        "first_name": "clubnom",
        "last_name": "clubape",
        "email": "club2@gmail.com",
        "is_staff": false,
        "is_active": true,
        "date_joined": "2024-06-17T15:42:38.357Z",
        "rol": 3,
        "groups": [
            2
        ],
        "user_permissions": []
    }
},
{
    "model": "APIcampoprime.usuario",
    "pk": 10,
    "fields": {
        "password": "pbkdf2_sha256$600000$TrVoeGpfo5wwp0usCOasNs$+mRsJHjFt3UAChb+0n2ys6Z1Q2K+XC8fcDqGbZz58r4=",
        "last_login": null,
        "is_superuser": false,
        "username": "club3",
        "first_name": "clubnom",
        "last_name": "clubape",
        "email": "club3@gmail.com",
        "is_staff": false,
        "is_active": true,
        "date_joined": "2024-06-17T16:55:53.394Z",
        "rol": 3,
        "groups": [
            2
        ],
        "user_permissions": []
    }
},
{
    "model": "APIcampoprime.usuario",
    "pk": 11,
    "fields": {
        "password": "pbkdf2_sha256$600000$qJRYpa4RMp6wTDs0cU0d8u$xx/A+M2sCiYJdvnf97m0ktsN0nQkW4HgM2433sUax4I=",
        "last_login": null,
        "is_superuser": false,
        "username": "club55",
        "first_name": "clubnom55",
        "last_name": "wewewe",
        "email": "club55@gmail.com",
        "is_staff": false,
        "is_active": true,
        "date_joined": "2024-06-17T23:19:15.528Z",
        "rol": 3,
        "groups": [
            2
        ],
        "user_permissions": []
    }
},
{
    "model": "APIcampoprime.cliente",
    "pk": 1,
    "fields": {
        "usuario": 1,
        "telefono": "661234567"
    }
},
{
    "model": "APIcampoprime.cliente",
    "pk": 2,
    "fields": {
        "usuario": 2,
        "telefono": "661234567"
    }
},
{
    "model": "APIcampoprime.cliente",
    "pk": 3,
    "fields": {
        "usuario": 3,
        "telefono": "661234567"
    }
},
{
    "model": "APIcampoprime.cliente",
    "pk": 4,
    "fields": {
        "usuario": 5,
        "telefono": "661234567"
    }
},
{
    "model": "APIcampoprime.cliente",
    "pk": 5,
    "fields": {
        "usuario": 6,
        "telefono": "661234567"
    }
},
{
    "model": "APIcampoprime.cliente",
    "pk": 6,
    "fields": {
        "usuario": 7,
        "telefono": "661234567"
    }
},
{
    "model": "APIcampoprime.duenyo_recinto",
    "pk": 1,
    "fields": {
        "usuario": 8,
        "telefono": "661456723"
    }
},
{
    "model": "APIcampoprime.duenyo_recinto",
    "pk": 2,
    "fields": {
        "usuario": 9,
        "telefono": "661234517"
    }
},
{
    "model": "APIcampoprime.duenyo_recinto",
    "pk": 3,
    "fields": {
        "usuario": 10,
        "telefono": "661456728"
    }
},
{
    "model": "APIcampoprime.duenyo_recinto",
    "pk": 4,
    "fields": {
        "usuario": 11,
        "telefono": "665456729"
    }
},
{
    "model": "APIcampoprime.recinto",
    "pk": 1,
    "fields": {
        "duenyo_recinto": 1,
        "nombre": "Recinto1",
        "descripcion": "descriopcdcdc",
        "ciudad": "girona",
        "precio_por_hora": 18.5,
        "hora_inicio": 6.0,
        "hora_fin": 22.5
    }
},
{
    "model": "APIcampoprime.recinto",
    "pk": 2,
    "fields": {
        "duenyo_recinto": 1,
        "nombre": "recinto2",
        "descripcion": "rerer",
        "ciudad": "Cordoba",
        "precio_por_hora": 19.1,
        "hora_inicio": 8.5,
        "hora_fin": 23.5
    }
},
{
    "model": "APIcampoprime.recinto",
    "pk": 3,
    "fields": {
        "duenyo_recinto": 1,
        "nombre": "dfdfdf",
        "descripcion": "dfdf",
        "ciudad": "Elche",
        "precio_por_hora": 27.7,
        "hora_inicio": 9.0,
        "hora_fin": 22.5
    }
},
{
    "model": "APIcampoprime.recinto",
    "pk": 4,
    "fields": {
        "duenyo_recinto": 4,
        "nombre": "Recinto55",
        "descripcion": "sdsdsdsd",
        "ciudad": "Girona",
        "precio_por_hora": 20.5,
        "hora_inicio": 9.0,
        "hora_fin": 22.0
    }
},
{
    "model": "APIcampoprime.recinto",
    "pk": 5,
    "fields": {
        "duenyo_recinto": 4,
        "nombre": "Recinto55-2",
        "descripcion": "erererer",
        "ciudad": "Girona",
        "precio_por_hora": 19.1,
        "hora_inicio": 8.0,
        "hora_fin": 16.0
    }
},
{
    "model": "APIcampoprime.recinto",
    "pk": 6,
    "fields": {
        "duenyo_recinto": 4,
        "nombre": "Recinto55-3",
        "descripcion": "qasasas",
        "ciudad": "Granada",
        "precio_por_hora": 23.2,
        "hora_inicio": 8.0,
        "hora_fin": 22.0
    }
},
{
    "model": "APIcampoprime.recinto",
    "pk": 7,
    "fields": {
        "duenyo_recinto": 4,
        "nombre": "Recinto55-4",
        "descripcion": "dfsdfsdsd",
        "ciudad": "Girona",
        "precio_por_hora": 25.4,
        "hora_inicio": 9.0,
        "hora_fin": 21.0
    }
},
{
    "model": "APIcampoprime.recinto",
    "pk": 8,
    "fields": {
        "duenyo_recinto": 4,
        "nombre": "Recinto66",
        "descripcion": "wdwdwdwdwd",
        "ciudad": "Granada",
        "precio_por_hora": 20.0,
        "hora_inicio": 9.0,
        "hora_fin": 23.0
    }
},
{
    "model": "APIcampoprime.recinto",
    "pk": 9,
    "fields": {
        "duenyo_recinto": 4,
        "nombre": "Recinto77",
        "descripcion": "77777777weww",
        "ciudad": "Albacete",
        "precio_por_hora": 8.9,
        "hora_inicio": 9.0,
        "hora_fin": 22.0
    }
},
{
    "model": "APIcampoprime.recinto",
    "pk": 10,
    "fields": {
        "duenyo_recinto": 4,
        "nombre": "Recinto88",
        "descripcion": "wasdwsdsd",
        "ciudad": "Girona",
        "precio_por_hora": 41.2,
        "hora_inicio": 7.5,
        "hora_fin": 21.5
    }
},
{
    "model": "APIcampoprime.recinto",
    "pk": 11,
    "fields": {
        "duenyo_recinto": 4,
        "nombre": "Recinto99",
        "descripcion": "sadsd",
        "ciudad": "Girona",
        "precio_por_hora": 26.8,
        "hora_inicio": 9.0,
        "hora_fin": 18.0
    }
},
{
    "model": "APIcampoprime.reserva",
    "pk": 1,
    "fields": {
        "cliente": 1,
        "recinto": 7,
        "hora_inicio": 10.0,
        "hora_fin": 11.0,
        "dia": "2024-06-18"
    }
},
{
    "model": "APIcampoprime.reserva",
    "pk": 2,
    "fields": {
        "cliente": 6,
        "recinto": 8,
        "hora_inicio": 12.0,
        "hora_fin": 13.0,
        "dia": "2024-06-18"
    }
},
{
    "model": "APIcampoprime.reserva",
    "pk": 3,
    "fields": {
        "cliente": 1,
        "recinto": 9,
        "hora_inicio": 11.0,
        "hora_fin": 12.0,
        "dia": "2024-06-18"
    }
},
{
    "model": "APIcampoprime.reserva",
    "pk": 4,
    "fields": {
        "cliente": 1,
        "recinto": 11,
        "hora_inicio": 14.0,
        "hora_fin": 15.0,
        "dia": "2024-06-18"
    }
},
{
    "model": "oauth2_provider.application",
    "pk": 2,
    "fields": {
        "client_id": "client_id",
        "user": 4,
        "redirect_uris": "",
        "post_logout_redirect_uris": "",
        "client_type": "confidential",
        "authorization_grant_type": "password",
        "client_secret": "pbkdf2_sha256$600000$R4U69zR2hKXhKsWQXjt5z6$5SrCU4DOj1kaYEXRgZ1emrG9jUP4b4HYo2VESl8oODE=",
        "name": "campoprime",
        "skip_authorization": false,
        "created": "2024-06-12T16:20:47.608Z",
        "updated": "2024-06-12T16:20:47.608Z",
        "algorithm": ""
    }
},
{
    "model": "oauth2_provider.accesstoken",
    "pk": 1,
    "fields": {
        "user": 7,
        "source_refresh_token": null,
        "token": "3CJua1sK1yN61RVuyXGWsqQOaXwmXx",
        "id_token": null,
        "application": 2,
        "expires": "2024-06-13T02:21:09.928Z",
        "scope": "read write groups",
        "created": "2024-06-12T16:21:09.929Z",
        "updated": "2024-06-12T16:21:09.929Z"
    }
},
{
    "model": "oauth2_provider.accesstoken",
    "pk": 2,
    "fields": {
        "user": 7,
        "source_refresh_token": null,
        "token": "ARwGS4WHWJt47QeI3FOfSI5a5UaR0c",
        "id_token": null,
        "application": 2,
        "expires": "2024-06-13T02:24:51.313Z",
        "scope": "read write groups",
        "created": "2024-06-12T16:24:51.314Z",
        "updated": "2024-06-12T16:24:51.314Z"
    }
},
{
    "model": "oauth2_provider.accesstoken",
    "pk": 3,
    "fields": {
        "user": 7,
        "source_refresh_token": null,
        "token": "0gbcqL1V1NVlfjCz0MBf6XRHkfrS0k",
        "id_token": null,
        "application": 2,
        "expires": "2024-06-15T02:37:30.600Z",
        "scope": "read write groups",
        "created": "2024-06-14T16:37:30.601Z",
        "updated": "2024-06-14T16:37:30.601Z"
    }
},
{
    "model": "oauth2_provider.accesstoken",
    "pk": 4,
    "fields": {
        "user": 8,
        "source_refresh_token": null,
        "token": "mLDPiGtXpcVFQE0s5bgPtRzK75tJtd",
        "id_token": null,
        "application": 2,
        "expires": "2024-06-18T01:31:07.447Z",
        "scope": "read write groups",
        "created": "2024-06-17T15:31:07.448Z",
        "updated": "2024-06-17T15:31:07.448Z"
    }
},
{
    "model": "oauth2_provider.accesstoken",
    "pk": 5,
    "fields": {
        "user": 7,
        "source_refresh_token": null,
        "token": "WNYKIbv3kOxgb6bUx6gEjbyHNLhQdW",
        "id_token": null,
        "application": 2,
        "expires": "2024-06-18T01:32:06.677Z",
        "scope": "read write groups",
        "created": "2024-06-17T15:32:06.678Z",
        "updated": "2024-06-17T15:32:06.678Z"
    }
},
{
    "model": "oauth2_provider.accesstoken",
    "pk": 6,
    "fields": {
        "user": 8,
        "source_refresh_token": null,
        "token": "SaCDiXGspBiQUPRJYS9h6RwIUXm2Yr",
        "id_token": null,
        "application": 2,
        "expires": "2024-06-18T01:39:52.256Z",
        "scope": "read write groups",
        "created": "2024-06-17T15:39:52.256Z",
        "updated": "2024-06-17T15:39:52.256Z"
    }
},
{
    "model": "oauth2_provider.accesstoken",
    "pk": 7,
    "fields": {
        "user": 9,
        "source_refresh_token": null,
        "token": "n13MKkNV760JXpehzy42E3qxAKSH1X",
        "id_token": null,
        "application": 2,
        "expires": "2024-06-18T01:42:38.964Z",
        "scope": "read write groups",
        "created": "2024-06-17T15:42:38.964Z",
        "updated": "2024-06-17T15:42:38.964Z"
    }
},
{
    "model": "oauth2_provider.accesstoken",
    "pk": 8,
    "fields": {
        "user": 10,
        "source_refresh_token": null,
        "token": "yfCRdMhyb1g8wX14e7d1C3e6fx9Q0R",
        "id_token": null,
        "application": 2,
        "expires": "2024-06-18T02:55:54.251Z",
        "scope": "read write groups",
        "created": "2024-06-17T16:55:54.252Z",
        "updated": "2024-06-17T16:55:54.252Z"
    }
},
{
    "model": "oauth2_provider.accesstoken",
    "pk": 9,
    "fields": {
        "user": 8,
        "source_refresh_token": null,
        "token": "lACeLTXvDcwKNwHXJUt2unUNCqDtGU",
        "id_token": null,
        "application": 2,
        "expires": "2024-06-18T03:23:50.453Z",
        "scope": "read write groups",
        "created": "2024-06-17T17:23:50.455Z",
        "updated": "2024-06-17T17:23:50.455Z"
    }
},
{
    "model": "oauth2_provider.accesstoken",
    "pk": 10,
    "fields": {
        "user": 7,
        "source_refresh_token": null,
        "token": "QWjf7141wn2XgMSdTuPn59G7MK41aX",
        "id_token": null,
        "application": 2,
        "expires": "2024-06-18T03:53:17.175Z",
        "scope": "read write groups",
        "created": "2024-06-17T17:53:17.176Z",
        "updated": "2024-06-17T17:53:17.176Z"
    }
},
{
    "model": "oauth2_provider.accesstoken",
    "pk": 11,
    "fields": {
        "user": 8,
        "source_refresh_token": null,
        "token": "R5ouk71Treh4KYRru781khBVR3vzmP",
        "id_token": null,
        "application": 2,
        "expires": "2024-06-18T04:26:59.032Z",
        "scope": "read write groups",
        "created": "2024-06-17T18:26:59.033Z",
        "updated": "2024-06-17T18:26:59.033Z"
    }
},
{
    "model": "oauth2_provider.accesstoken",
    "pk": 12,
    "fields": {
        "user": 8,
        "source_refresh_token": null,
        "token": "0dYTloK96J7qt20lnqCgyVscq8lDiO",
        "id_token": null,
        "application": 2,
        "expires": "2024-06-18T09:18:28.880Z",
        "scope": "read write groups",
        "created": "2024-06-17T23:18:28.881Z",
        "updated": "2024-06-17T23:18:28.881Z"
    }
},
{
    "model": "oauth2_provider.accesstoken",
    "pk": 13,
    "fields": {
        "user": 11,
        "source_refresh_token": null,
        "token": "XwsOuVl2G629INJwqMeE2GJDLQUOLV",
        "id_token": null,
        "application": 2,
        "expires": "2024-06-18T09:19:16.006Z",
        "scope": "read write groups",
        "created": "2024-06-17T23:19:16.006Z",
        "updated": "2024-06-17T23:19:16.006Z"
    }
},
{
    "model": "oauth2_provider.accesstoken",
    "pk": 14,
    "fields": {
        "user": 11,
        "source_refresh_token": null,
        "token": "1nQVko5IexmfIhXuNBO4qXrFOu4MEO",
        "id_token": null,
        "application": 2,
        "expires": "2024-06-18T09:21:57.667Z",
        "scope": "read write groups",
        "created": "2024-06-17T23:21:57.667Z",
        "updated": "2024-06-17T23:21:57.667Z"
    }
},
{
    "model": "oauth2_provider.accesstoken",
    "pk": 15,
    "fields": {
        "user": 11,
        "source_refresh_token": null,
        "token": "oYgG2QVUUQzprJco5eiXmudqzuX3NQ",
        "id_token": null,
        "application": 2,
        "expires": "2024-06-18T09:27:27.795Z",
        "scope": "read write groups",
        "created": "2024-06-17T23:27:27.795Z",
        "updated": "2024-06-17T23:27:27.795Z"
    }
},
{
    "model": "oauth2_provider.accesstoken",
    "pk": 16,
    "fields": {
        "user": 11,
        "source_refresh_token": null,
        "token": "zaafQBaXXotJI8JiqBNKNtCq7D7O7t",
        "id_token": null,
        "application": 2,
        "expires": "2024-06-18T09:29:12.396Z",
        "scope": "read write groups",
        "created": "2024-06-17T23:29:12.397Z",
        "updated": "2024-06-17T23:29:12.397Z"
    }
},
{
    "model": "oauth2_provider.accesstoken",
    "pk": 17,
    "fields": {
        "user": 11,
        "source_refresh_token": null,
        "token": "CM5dtwBslcOowa1PXSUMvDFjOXDj2Y",
        "id_token": null,
        "application": 2,
        "expires": "2024-06-18T20:24:32.665Z",
        "scope": "read write groups",
        "created": "2024-06-18T10:24:32.666Z",
        "updated": "2024-06-18T10:24:32.666Z"
    }
},
{
    "model": "oauth2_provider.accesstoken",
    "pk": 18,
    "fields": {
        "user": 11,
        "source_refresh_token": null,
        "token": "SYEMXESji9lm9Fl7Wp5Tp1cf6AzEPN",
        "id_token": null,
        "application": 2,
        "expires": "2024-06-18T23:42:39.344Z",
        "scope": "read write groups",
        "created": "2024-06-18T13:42:39.347Z",
        "updated": "2024-06-18T13:42:39.347Z"
    }
},
{
    "model": "oauth2_provider.accesstoken",
    "pk": 19,
    "fields": {
        "user": 11,
        "source_refresh_token": null,
        "token": "acHbsa1JCvYuRmXMPYNL1vhY8ujLvu",
        "id_token": null,
        "application": 2,
        "expires": "2024-06-19T00:37:06.158Z",
        "scope": "read write groups",
        "created": "2024-06-18T14:37:06.159Z",
        "updated": "2024-06-18T14:37:06.159Z"
    }
},
{
    "model": "oauth2_provider.accesstoken",
    "pk": 20,
    "fields": {
        "user": 2,
        "source_refresh_token": null,
        "token": "FusujHMZ1B9wvLzLlmWLZvHSqYMAby",
        "id_token": null,
        "application": 2,
        "expires": "2024-06-19T00:48:07.431Z",
        "scope": "read write groups",
        "created": "2024-06-18T14:48:07.432Z",
        "updated": "2024-06-18T14:48:07.432Z"
    }
},
{
    "model": "oauth2_provider.accesstoken",
    "pk": 21,
    "fields": {
        "user": 11,
        "source_refresh_token": null,
        "token": "pWmudt2iW62GJCTFCC1pwLPo6w19k5",
        "id_token": null,
        "application": 2,
        "expires": "2024-06-19T01:54:38.752Z",
        "scope": "read write groups",
        "created": "2024-06-18T15:54:38.754Z",
        "updated": "2024-06-18T15:54:38.754Z"
    }
},
{
    "model": "oauth2_provider.refreshtoken",
    "pk": 1,
    "fields": {
        "user": 7,
        "token": "zIpkIQc9BDU8MyHuzJVku8j8ne8hVa",
        "application": 2,
        "access_token": 1,
        "created": "2024-06-12T16:21:09.931Z",
        "updated": "2024-06-12T16:21:09.931Z",
        "revoked": null
    }
},
{
    "model": "oauth2_provider.refreshtoken",
    "pk": 2,
    "fields": {
        "user": 7,
        "token": "i3pDBiIl6MQmna9d21IG3BYjWr8FHd",
        "application": 2,
        "access_token": 2,
        "created": "2024-06-12T16:24:51.316Z",
        "updated": "2024-06-12T16:24:51.317Z",
        "revoked": null
    }
},
{
    "model": "oauth2_provider.refreshtoken",
    "pk": 3,
    "fields": {
        "user": 7,
        "token": "eoliBPG6ToF4aL29tNJRrJTSOJWTLS",
        "application": 2,
        "access_token": 3,
        "created": "2024-06-14T16:37:30.605Z",
        "updated": "2024-06-14T16:37:30.605Z",
        "revoked": null
    }
},
{
    "model": "oauth2_provider.refreshtoken",
    "pk": 4,
    "fields": {
        "user": 8,
        "token": "4p7yugnhRezCSX8t9cgmfe3YUFoa5y",
        "application": 2,
        "access_token": 4,
        "created": "2024-06-17T15:31:07.449Z",
        "updated": "2024-06-17T15:31:07.449Z",
        "revoked": null
    }
},
{
    "model": "oauth2_provider.refreshtoken",
    "pk": 5,
    "fields": {
        "user": 7,
        "token": "3ynMVttoWSEUdFAwUVF8capifqMmjn",
        "application": 2,
        "access_token": 5,
        "created": "2024-06-17T15:32:06.678Z",
        "updated": "2024-06-17T15:32:06.679Z",
        "revoked": null
    }
},
{
    "model": "oauth2_provider.refreshtoken",
    "pk": 6,
    "fields": {
        "user": 8,
        "token": "MBND1MpbX3iW8G0X9oElqVdgCZVcf6",
        "application": 2,
        "access_token": 6,
        "created": "2024-06-17T15:39:52.257Z",
        "updated": "2024-06-17T15:39:52.257Z",
        "revoked": null
    }
},
{
    "model": "oauth2_provider.refreshtoken",
    "pk": 7,
    "fields": {
        "user": 9,
        "token": "WTrQdmJLE3GIMotkgTj6F2UcffkC7O",
        "application": 2,
        "access_token": 7,
        "created": "2024-06-17T15:42:38.966Z",
        "updated": "2024-06-17T15:42:38.966Z",
        "revoked": null
    }
},
{
    "model": "oauth2_provider.refreshtoken",
    "pk": 8,
    "fields": {
        "user": 10,
        "token": "Go5MXH0tVTsa2jF9EvqbQwi002DghH",
        "application": 2,
        "access_token": 8,
        "created": "2024-06-17T16:55:54.253Z",
        "updated": "2024-06-17T16:55:54.253Z",
        "revoked": null
    }
},
{
    "model": "oauth2_provider.refreshtoken",
    "pk": 9,
    "fields": {
        "user": 8,
        "token": "BxAIJKMp7m0aPj1mmIJuPFt7mXfngD",
        "application": 2,
        "access_token": 9,
        "created": "2024-06-17T17:23:50.460Z",
        "updated": "2024-06-17T17:23:50.460Z",
        "revoked": null
    }
},
{
    "model": "oauth2_provider.refreshtoken",
    "pk": 10,
    "fields": {
        "user": 7,
        "token": "LZvla4Z73GiBIH55D4AFBqKWQ9TYIA",
        "application": 2,
        "access_token": 10,
        "created": "2024-06-17T17:53:17.178Z",
        "updated": "2024-06-17T17:53:17.178Z",
        "revoked": null
    }
},
{
    "model": "oauth2_provider.refreshtoken",
    "pk": 11,
    "fields": {
        "user": 8,
        "token": "9hWuf1eLI9I0WDVGVlFLOj2jWH9akf",
        "application": 2,
        "access_token": 11,
        "created": "2024-06-17T18:26:59.034Z",
        "updated": "2024-06-17T18:26:59.034Z",
        "revoked": null
    }
},
{
    "model": "oauth2_provider.refreshtoken",
    "pk": 12,
    "fields": {
        "user": 8,
        "token": "3L4M85EqmoKosoGa8Lx3GYlL85T8FW",
        "application": 2,
        "access_token": 12,
        "created": "2024-06-17T23:18:28.882Z",
        "updated": "2024-06-17T23:18:28.882Z",
        "revoked": null
    }
},
{
    "model": "oauth2_provider.refreshtoken",
    "pk": 13,
    "fields": {
        "user": 11,
        "token": "WWfbIhVwXsV7ImbZFmUewaWoTAdXqi",
        "application": 2,
        "access_token": 13,
        "created": "2024-06-17T23:19:16.007Z",
        "updated": "2024-06-17T23:19:16.007Z",
        "revoked": null
    }
},
{
    "model": "oauth2_provider.refreshtoken",
    "pk": 14,
    "fields": {
        "user": 11,
        "token": "zUHkVrwoY4LvZakOzNrbT6OX7EJOsk",
        "application": 2,
        "access_token": 14,
        "created": "2024-06-17T23:21:57.668Z",
        "updated": "2024-06-17T23:21:57.668Z",
        "revoked": null
    }
},
{
    "model": "oauth2_provider.refreshtoken",
    "pk": 15,
    "fields": {
        "user": 11,
        "token": "mkZGYa4tSPGASSvFhB85Qdr5EeIe5h",
        "application": 2,
        "access_token": 15,
        "created": "2024-06-17T23:27:27.796Z",
        "updated": "2024-06-17T23:27:27.796Z",
        "revoked": null
    }
},
{
    "model": "oauth2_provider.refreshtoken",
    "pk": 16,
    "fields": {
        "user": 11,
        "token": "MYA75StcxrXwv7gS8MGu7r79IXpgQc",
        "application": 2,
        "access_token": 16,
        "created": "2024-06-17T23:29:12.398Z",
        "updated": "2024-06-17T23:29:12.398Z",
        "revoked": null
    }
},
{
    "model": "oauth2_provider.refreshtoken",
    "pk": 17,
    "fields": {
        "user": 11,
        "token": "4grQ8cXhNBG7Rnw7NAlRQzwPVppFZZ",
        "application": 2,
        "access_token": 17,
        "created": "2024-06-18T10:24:32.668Z",
        "updated": "2024-06-18T10:24:32.668Z",
        "revoked": null
    }
},
{
    "model": "oauth2_provider.refreshtoken",
    "pk": 18,
    "fields": {
        "user": 11,
        "token": "gMmKokJM0zsFis0y5VvAC0fNEpasRx",
        "application": 2,
        "access_token": 18,
        "created": "2024-06-18T13:42:39.380Z",
        "updated": "2024-06-18T13:42:39.380Z",
        "revoked": null
    }
},
{
    "model": "oauth2_provider.refreshtoken",
    "pk": 19,
    "fields": {
        "user": 11,
        "token": "7Np2EivSCAxBgQtjj0PemvBjOqDFmG",
        "application": 2,
        "access_token": 19,
        "created": "2024-06-18T14:37:06.160Z",
        "updated": "2024-06-18T14:37:06.160Z",
        "revoked": null
    }
},
{
    "model": "oauth2_provider.refreshtoken",
    "pk": 20,
    "fields": {
        "user": 2,
        "token": "BrnEqOLvquUXlP28TILKZXTFiVwINd",
        "application": 2,
        "access_token": 20,
        "created": "2024-06-18T14:48:07.433Z",
        "updated": "2024-06-18T14:48:07.433Z",
        "revoked": null
    }
},
{
    "model": "oauth2_provider.refreshtoken",
    "pk": 21,
    "fields": {
        "user": 11,
        "token": "RcwgjodqKkaZMFlM7BN52h4getaPvg",
        "application": 2,
        "access_token": 21,
        "created": "2024-06-18T15:54:38.756Z",
        "updated": "2024-06-18T15:54:38.756Z",
        "revoked": null
    }
}
]
